,country_ID,country_ID_2,country_name,GDPcap_2023,GDPcap_2022,GDPcap_2021,GDPcap_2020,GDPcap_2019,pop_2023,pop_2022,pop_2021,pop_2020,pop_2019
0,ABW,AW,Aruba,,33300.8388187011,29127.7593841909,24008.1278217477,31902.8098183195,106277.0,106445.0,106537.0,106585.0,106442.0
1,AFE,ZH,Africa Eastern and Southern,1672.5059574692,1642.43203899493,1545.95669660381,1356.08887141531,1508.48688648948,739108306.0,720859132.0,702977106.0,685112979.0,667242986.0
2,AFG,AF,Afghanistan,,352.603733092107,355.777826392648,512.055098005672,497.741431256813,42239854.0,41128771.0,40099462.0,38972230.0,37769499.0
3,AFW,ZI,Africa Western and Central,1584.33328485465,1788.8753472127,1769.17185266776,1688.47087082362,1813.60914568405,502789511.0,490330870.0,478185907.0,466189102.0,454306063.0
4,AGO,AO,Angola,2309.52162029791,2933.48464381415,1927.47407827687,1450.90511139418,2191.34776433537,36684202.0,35588987.0,34503774.0,33428486.0,32353588.0
5,ALB,AL,Albania,8367.77573143421,6810.11404104233,6377.20309553753,5343.0377039956,5396.2142432843,2745972.0,2777689.0,2811666.0,2837849.0,2854191.0
6,AND,AD,Andorra,46544.7207199483,42350.6970690874,42066.4905178822,37207.2219994994,41328.6004978373,80088.0,79824.0,79034.0,77700.0,76343.0
7,ARB,1A,Arab World,7377.39893629449,7776.62937958481,6503.79337634305,5735.50986687093,6565.98083975861,473272080.0,464684914.0,456520777.0,449228296.0,441467739.0
8,ARE,AE,United Arab Emirates,52976.8083782405,53707.9800813801,44332.3400499381,37629.1741680652,45376.1708390447,9516871.0,9441129.0,9365145.0,9287289.0,9211657.0
9,ARG,AR,Argentina,13730.5147090247,13650.6046294524,10650.8604604345,8500.83793850534,9963.67416171662,46654581.0,46234830.0,45808747.0,45376763.0,44938712.0
10,ARM,AM,Armenia,8715.76533622178,7018.05150434798,4972.78320361917,4505.86774175695,4828.50488626598,2777970.0,2780469.0,2790974.0,2805608.0,2820602.0
11,ASM,AS,American Samoa,,19673.3901023197,16653.7137781725,15609.7772196843,13672.576657298,43914.0,44273.0,45035.0,46189.0,47321.0
12,ATG,AG,Antigua and Barbuda,21560.2153299665,19919.7266867883,17178.5437160522,15224.8585890561,18730.0047966374,94298.0,93763.0,93219.0,92664.0,92117.0
13,AUS,AU,Australia,64711.7656030565,65077.676668821,60697.2454358579,51868.2475567823,55049.571919719,26638544.0,26014399.0,25685412.0,25649248.0,25334826.0
14,AUT,AT,Austria,56505.9682796867,52084.6811953372,53517.8904509612,48789.4978498872,50067.5857265892,9132383.0,9041851.0,8955797.0,8916864.0,8879920.0
15,AZE,AZ,Azerbaijan,7155.08360355897,7770.594223351,5408.04535175023,4229.91064904503,4805.75371765917,10112555.0,10141756.0,10137750.0,10093121.0,10024283.0
16,BDI,BI,Burundi,199.580760181492,259.025031363088,221.157803429854,216.827417481114,216.972970900616,13238559.0,12889576.0,12551213.0,12220227.0,11874838.0
17,BEL,BE,Belgium,53475.2934952935,49942.0906424887,51863.8311565054,45587.968308319,46641.7214017087,11822592.0,11685814.0,11586195.0,11538604.0,11488980.0
18,BEN,BJ,Benin,1434.66283439144,1304.99479694323,1360.91147388169,1240.73315461172,1170.88599492622,13712828.0,13352864.0,12996895.0,12643123.0,12290444.0
19,BFA,BF,Burkina Faso,874.121280381345,830.043965850311,888.803610895832,823.552410880968,765.229560401644,23251485.0,22673762.0,22100683.0,21522626.0,20951639.0
20,BGD,BD,Bangladesh,2529.08012688018,2687.89906307087,2457.96446570157,2233.76728192962,2122.03765230231,172954319.0,171186372.0,169356251.0,167420951.0,165516222.0
21,BGR,BG,Bulgaria,15797.5955773596,13974.4492487792,12219.3418706779,10148.3423954435,9874.33632625168,6430370.0,6465097.0,6877743.0,6934015.0,6975761.0
22,BHR,BH,Bahrain,29084.3071297448,30146.925026365,26850.0033915702,23433.1872362574,25869.1129129041,1485509.0,1472233.0,1463265.0,1477469.0,1494188.0
23,BHS,BS,"Bahamas, The",34749.6382896736,32041.2503902591,27871.3723259771,24499.1647620617,32173.9581814182,412623.0,409984.0,407906.0,406471.0,404557.0
24,BIH,BA,Bosnia and Herzegovina,8426.09111019155,7587.58817346075,7237.27446250665,6095.10423658487,6094.72482322311,3210847.0,3233526.0,3270943.0,3318407.0,3360711.0
25,BLR,BY,Belarus,7829.05313660622,7994.64806074889,7489.71894713888,6542.8645398436,6837.76832136779,9178298.0,9228071.0,9302585.0,9379952.0,9419758.0
26,BLZ,BZ,Belize,7987.58595509037,6984.21695968163,6060.96822340845,5185.1580697602,6134.21523305713,410825.0,405272.0,400031.0,394921.0,389095.0
27,BMU,BM,Bermuda,,123091.123516,114274.622043786,107791.886435134,116153.166121638,63489.0,63595.0,63764.0,63893.0,63911.0
28,BOL,BO,Bolivia,3700.97833772869,3600.12163502163,3345.02300209796,3068.81255516456,3472.38083136442,12388571.0,12224110.0,12079472.0,11936162.0,11777315.0
29,BRA,BR,Brazil,10043.6239221567,9065.49733395404,7794.88097933152,6923.6999117682,8845.32414932264,216422446.0,215313498.0,214326223.0,213196304.0,211782878.0
30,BRB,BB,Barbados,22672.6154350731,20738.4511868198,17586.3300142247,17028.4137830299,19156.0398672282,281995.0,281635.0,281200.0,280693.0,280180.0
31,BRN,BN,Brunei Darussalam,33430.9184783787,37152.4769749763,31448.9127482937,27179.3528869398,30748.3092371228,452524.0,449002.0,445373.0,441725.0,438048.0
32,BTN,BT,Bhutan,,3704.01839495326,3561.22528660505,3181.33974675871,3564.59877149986,787424.0,782455.0,777486.0,772506.0,767459.0
33,BWA,BW,Botswana,7249.79932596262,7726.11099664689,7244.15854755666,5875.07043504191,6691.16084579207,2675352.0,2630296.0,2588423.0,2546402.0,2499702.0
34,CAF,CF,Central African Republic,445.028195988605,427.058096191269,461.137510956047,435.469247800022,426.408753120209,5742315.0,5579144.0,5457154.0,5343020.0,5209324.0
35,CAN,CA,Canada,53371.6974319701,55509.393176404,52496.8441693242,43537.839298904,46352.8693445211,40097761.0,38939056.0,38239864.0,38028638.0,37618495.0
36,CEB,B8,Central Europe and the Baltics,22494.4806637564,19414.7416594388,18816.1336904293,16302.7546246465,16355.8581493383,100156608.0,100108262.0,101413157.0,102180124.0,102398537.0
37,CHE,CH,Switzerland,99994.9380204786,93259.9057183024,93446.4344518943,85897.7843338323,84121.9310304414,8849852.0,8775760.0,8704546.0,8638167.0,8575280.0
38,CHI,JG,Channel Islands,,64501.2742419548,64502.5311794273,54357.9344480583,58564.3500973853,175346.0,174079.0,172683.0,171113.0,169410.0
39,CHL,CL,Chile,17093.2419713921,15411.1739539112,16185.9147709548,13162.5913519707,14616.2072513761,19629590.0,19603733.0,19493184.0,19300315.0,19039485.0
40,CHN,CN,China,12614.0609948923,12662.5831692254,12617.5051041181,10408.7195541075,10143.8602206165,1410710000.0,1412175000.0,1412360000.0,1411100000.0,1407745000.0
41,CIV,CI,Cote d'Ivoire,2728.80324620071,2491.89593372995,2649.17304788159,2350.75139725548,2309.31358341573,28873034.0,28160542.0,27478249.0,26811790.0,26147551.0
42,CMR,CM,Cameroon,1673.64888857222,1563.48894034459,1654.25703730592,1539.13054519245,1538.5630625108,28647293.0,27914536.0,27198628.0,26491087.0,25782341.0
43,COD,CD,"Congo, Dem. Rep.",649.143987939358,664.593543336696,576.974729394136,524.666686211495,575.882781366465,102262808.0,99010212.0,95894118.0,92853164.0,89906890.0
44,COG,CG,"Congo, Rep.",2508.82339515164,2649.23063369467,2540.47002419731,2011.28344044263,2508.94044443477,6106869.0,5970424.0,5835806.0,5702174.0,5570733.0
45,COL,CO,Colombia,6979.72513470377,6657.08669677355,6182.9559438651,5308.16470717512,6436.50921493811,52085168.0,51874024.0,51516562.0,50930662.0,50187406.0
46,COM,KM,Comoros,1587.16189555687,1484.89246532042,1577.47084122292,1519.58678065177,1510.7973237214,852075.0,836774.0,821625.0,806166.0,790986.0
47,CPV,CV,Cabo Verde,4321.57986427786,3883.91115917161,3489.97339736459,3126.39985872259,3903.05031683625,598682.0,593149.0,587925.0,582640.0,577030.0
48,CRI,CR,Costa Rica,16595.3703837185,13365.3563992546,12604.0488374654,12179.2566735195,12669.3411549351,5212173.0,5180829.0,5153957.0,5123105.0,5084532.0
49,CSS,S3,Caribbean small states,16810.93501732,15296.212982156,11732.8975463126,10101.7904602533,12173.610811624,3167738.0,3147057.0,3128519.0,3106185.0,3090374.0
50,CUB,CU,Cuba,,,,9499.57250428248,9139.38051005519,11194449.0,11212191.0,11256372.0,11300698.0,11316697.0
51,CUW,CW,Curacao,,20492.815311294,17980.0886872288,16356.0933594414,19220.6866958303,147862.0,149996.0,152369.0,154947.0,157441.0
52,CYM,KY,Cayman Islands,,96073.7635946963,88940.1565924825,84018.3325792543,89846.3210991824,69310.0,68706.0,68136.0,67311.0,66134.0
53,CYP,CY,Cyprus,34701.44140625,32048.248046875,32745.83984375,28281.412109375,29419.9921875,1260138.0,1251488.0,1244188.0,1237537.0,1228836.0
54,CZE,CZ,Czechia,30427.4234688601,27226.6156386023,26822.5141862111,22992.8793833348,23664.8478631108,10873689.0,10672118.0,10505772.0,10697858.0,10671870.0
55,DEU,DE,Germany,52745.7557064131,48717.9911402128,51426.7503654421,46749.4762280016,46805.1384334439,84482267.0,83797985.0,83196078.0,83160871.0,83092962.0
56,DJI,DJ,Djibouti,3606.4168960124,3278.138695825,3062.55148207643,2921.73870623293,2876.04366371536,1136455.0,1120849.0,1105557.0,1090156.0,1073994.0
57,DMA,DM,Dominica,8953.89639365543,8347.32336031537,7668.15813216962,7003.46989117043,8561.58701121461,73040.0,72737.0,72412.0,71995.0,71428.0
58,DNK,DK,Denmark,67967.3818685562,67790.0539923276,69268.6517983134,60836.5924121638,59592.9806886454,5946952.0,5903037.0,5856733.0,5831404.0,5814422.0
59,DOM,DO,Dominican Republic,10716.0133558903,10111.2457110261,8476.74963892506,7167.91497432809,8173.34469885261,11332972.0,11228821.0,11117873.0,10999664.0,10881882.0
60,DZA,DZ,Algeria,5260.20624980797,5023.25293164928,4216.2512851303,3794.40952448639,4530.10174483631,45606480.0,44903225.0,44177969.0,43451666.0,42705368.0
61,EAP,4E,East Asia & Pacific (excluding high income),9912.69685076252,9916.80434352001,9813.48481652444,8262.92725428299,8171.96552369406,2133652241.0,2129094071.0,2123610397.0,2116360715.0,2106374009.0
62,EAR,V2,Early-demographic dividend,4258.91763675723,4099.07591276369,3743.85887403193,3254.22794317044,3528.99645119156,3486290439.0,3447398652.0,3411268373.0,3374383528.0,3334561751.0
63,EAS,Z4,East Asia & Pacific,12927.6838082962,12909.9187395962,13141.5286612157,11487.8328132182,11484.3410118407,2380601170.0,2375208613.0,2370214403.0,2363934334.0,2353856866.0
64,ECA,7E,Europe & Central Asia (excluding high income),8479.05683108165,7302.23861126112,6620.20379563516,5738.25499247106,6022.63238606854,247474425.0,246915820.0,250663105.0,248913167.0,247195931.0
65,ECS,Z7,Europe & Central Asia,29483.4414501406,27567.4143997687,27409.9227679737,23994.9286739351,24867.4720139645,923929755.0,920988359.0,924168763.0,923384672.0,921212388.0
66,ECU,EC,Ecuador,6533.35150400616,6476.64457530137,6036.4472741675,5450.43376119582,6203.72705079758,18190484.0,18001000.0,17797737.0,17588595.0,17343740.0
67,EGY,EG,"Egypt, Arab Rep.",3512.58006529798,4295.40749561014,3886.7224983901,3571.5569065135,3017.25833578941,112716598.0,110990103.0,109262178.0,107465134.0,105618671.0
68,EMU,XC,Euro area,44368.5755448892,40835.654761862,42527.524210531,37915.3833633908,38904.6070562194,350357398.0,348331552.0,346942960.0,346961127.0,346517987.0
69,ERI,ER,Eritrea,,,,,,3748901.0,3684032.0,3620312.0,3555868.0,3498818.0
70,ESP,ES,Spain,32676.9837109377,29674.5442864413,30488.8209528797,26984.2962770279,29581.5185513299,48373336.0,47778340.0,47415794.0,47365655.0,47134837.0
71,EST,EE,Estonia,29823.7496069016,28114.1431760201,27698.4793450267,23565.1759437969,23581.656836882,1366188.0,1348840.0,1330932.0,1329522.0,1326898.0
72,ETH,ET,Ethiopia,1293.7780075976,1027.49863136325,925.00069759158,918.652594077418,840.449601255171,126527060.0,123379924.0,120283026.0,117190911.0,114120594.0
73,EUU,EU,European Union,40823.8762634762,37466.6963511535,38720.8751728955,34357.1199881912,35080.9147971764,449476878.0,447370551.0,447178093.0,447692315.0,447367191.0
74,FCS,F1,Fragile and conflict affected situations,1828.70835941923,1913.3742283108,1792.92066416628,1725.7217597946,1923.17068917178,1042703808.0,1019145355.0,1001870564.0,979839336.0,957873862.0
75,FIN,FI,Finland,53755.9117362796,50734.7107480889,53504.6936483441,49169.7193388499,48629.8582283032,5584264.0,5556106.0,5541017.0,5529543.0,5521606.0
76,FJI,FJ,Fiji,5868.1591677839,5356.16438036291,4656.0513619168,4815.68912941764,5927.72418996345,936375.0,929766.0,924610.0,920422.0,918465.0
77,FRA,FR,France,44460.8178457009,40886.2532680273,43671.3084099631,39179.7442596057,40494.8982936276,68170228.0,67971311.0,67764304.0,67571107.0,67388001.0
78,FRO,FO,Faroe Islands,,66979.2773224808,69108.2065823035,62234.9686802048,63203.7447848956,53270.0,53090.0,52889.0,52415.0,51681.0
79,FSM,FM,"Micronesia, Fed. Sts.",3992.22384225509,3766.51133457132,3447.33097029108,3318.28804881095,3537.47115704038,115224.0,114164.0,113131.0,112106.0,111379.0
80,GAB,GA,Gabon,8420.10205701827,8820.34733809998,8635.79714374956,6680.08267035383,7523.8622784598,2436566.0,2388992.0,2341179.0,2292573.0,2242785.0
81,GBR,GB,United Kingdom,48866.6039600298,45564.1569448013,46869.759058411,40217.0090116986,42662.5353740311,68350000.0,67791000.0,67026292.0,67081234.0,66836327.0
82,GEO,GE,Georgia,8120.36344318242,6729.84659930283,5083.60695484577,4300.85701291207,4741.2832715876,3760365.0,3712502.0,3708610.0,3722716.0,3720161.0
83,GHA,GH,Ghana,2238.15802077213,2218.41475790993,2422.08591285021,2176.57621804239,2167.92527597794,34121985.0,33475870.0,32833031.0,32180401.0,31522290.0
84,GIB,GI,Gibraltar,,,,,,32688.0,32649.0,32669.0,32709.0,32685.0
85,GIN,GN,Guinea,1663.93780748118,1515.16794777612,1189.17599945874,1073.65933900139,1043.89988618266,14190612.0,13859341.0,13531906.0,13205153.0,12877539.0
86,GMB,GM,"Gambia, The",843.765742570282,803.808655006479,762.963231653559,704.030462837221,722.875356284026,2773168.0,2705992.0,2639916.0,2573995.0,2508883.0
87,GNB,GW,Guinea-Bissau,914.275153804104,814.111990051955,836.870024795178,754.27069401163,754.381639420495,2150842.0,2105566.0,2060721.0,2015828.0,1970457.0
88,GNQ,GQ,Equatorial Guinea,7066.61659257734,8052.25652929933,7473.92606069296,6198.94251851904,7317.39002617962,1714671.0,1674908.0,1634466.0,1596049.0,1553031.0
89,GRC,GR,Greece,22990.0135680461,20867.2690861087,20310.6824798873,17617.2915057014,19143.8876174584,10361295.0,10426919.0,10569207.0,10698599.0,10721582.0
90,GRD,GD,Grenada,10463.64593954,9762.4147210397,9010.5127999358,8437.5367823125,9887.92074235834,126183.0,125438.0,124610.0,123663.0,122724.0
91,GRL,GL,Greenland,,,57116.295770722,54693.0766804265,53309.2035905065,56865.0,56661.0,56653.0,56367.0,56225.0
92,GTM,GT,Guatemala,5797.52159594526,5473.20856444589,5029.47755484093,4609.89725752869,4647.80754129437,17602431.0,17357886.0,17109746.0,16858333.0,16604026.0
93,GUM,GU,Guam,,40227.2753734558,36555.7601416726,34958.1341479989,37687.3991839833,172952.0,171774.0,170534.0,169231.0,168624.0
94,GUY,GY,Guyana,20626.1991490567,18199.4748396968,9994.64570422569,6863.07434593017,6477.29672607993,813834.0,808726.0,804567.0,797202.0,798753.0
95,,XD,High income,48220.0331638568,46165.6150408536,44840.3585005322,40023.7382985043,41188.7704617624,1403021503.0,1395940386.0,1392964458.0,1393950970.0,1389172209.0
96,,XD,High income,48220.0331638568,46165.6150408536,44840.3585005322,40023.7382985043,41188.7704617624,,,,,
97,,XD,High income,48220.0331638568,46165.6150408536,44840.3585005322,40023.7382985043,41188.7704617624,722984063.0,703727949.0,685250041.0,667053670.0,648755452.0
98,,XD,High income,48220.0331638568,46165.6150408536,44840.3585005322,40023.7382985043,41188.7704617624,3059564861.0,3020375650.0,2983113040.0,2943860780.0,2903108878.0
99,,XD,High income,48220.0331638568,46165.6150408536,44840.3585005322,40023.7382985043,41188.7704617624,2810588102.0,2803249752.0,2799436415.0,2787915973.0,2772716573.0
100,HKG,HK,"Hong Kong SAR, China",50696.5903184046,48828.1212454445,49770.5642374739,46109.2299946609,48359.0011950597,7536100.0,7346100.0,7413100.0,7481000.0,7507900.0
101,HND,HN,Honduras,3247.23105462683,3012.21734086324,2738.21626989704,2307.13093003215,2498.50918635232,10593798.0,10432860.0,10278345.0,10121763.0,9958829.0
102,HPC,XE,Heavily indebted poor countries (HIPC),1245.01965554275,1110.1304329994,1047.734015017,968.133367537043,985.590876409076,907995430.0,884288332.0,861156745.0,838066650.0,815100831.0
103,HRV,HR,Croatia,21459.7847808036,18673.1779905036,17943.415126673,14383.8695000306,15218.5258037621,3853200.0,3855641.0,3878981.0,4047680.0,4065253.0
104,HTI,HT,Haiti,1693.06874328693,1748.25713539751,1823.74222445285,1283.14122785939,1345.4750547884,11724763.0,11584996.0,11447569.0,11306801.0,11160438.0
105,HUN,HU,Hungary,22147.2097290479,18355.8278072065,18755.1023464312,16131.9540355923,16786.2136399075,9589872.0,9643048.0,9709891.0,9750149.0,9771141.0
106,IBD,XF,IBRD only,7845.38536226529,7681.29525722277,7301.908085568,6185.51925977404,6465.81328082011,4937047867.0,4912348798.0,4894666421.0,4866828116.0,4832585266.0
107,IBT,ZT,IDA & IBRD total,6094.02389348234,6006.27309700773,5731.30618464805,4907.28699204586,5144.37243935275,6819750360.0,6754104791.0,6696373761.0,6628629499.0,6555193386.0
108,IDA,XG,IDA total,1502.11784608836,1539.29371688164,1465.2729133797,1375.88014891477,1437.01918707643,1882702493.0,1841755993.0,1801707340.0,1761801383.0,1722608120.0
109,IDB,XH,IDA blend,1676.98958404833,1942.51277029827,1851.4710158931,1727.91170329901,1883.54621067899,622553200.0,609342910.0,596608333.0,584212703.0,572192040.0
110,IDN,ID,Indonesia,4940.54980501156,4787.91236404903,4334.23145407913,3895.61815200225,4151.22755440796,277534122.0,275501339.0,273753191.0,271857970.0,269582878.0
111,IDX,XI,IDA only,1417.34865873319,1339.94195382428,1274.07782915018,1201.23401871581,1214.9263173816,1260149293.0,1232413083.0,1205099007.0,1177588680.0,1150416080.0
112,IMN,IM,Isle of Man,,,94124.2683273092,79530.5623233187,87152.4652554167,84710.0,84519.0,84263.0,84046.0,83933.0
113,IND,IN,India,2484.8454294403,2366.30960899931,2250.1790176424,1915.55158799947,2050.16380022056,1428627663.0,1417173173.0,1407563842.0,1396387127.0,1383112050.0
114,,XY,Not classified,,,,,,1403021503.0,1395940386.0,1392964458.0,1393950970.0,1389172209.0
115,,XY,Not classified,,,,,,,,,,
116,,XY,Not classified,,,,,,722984063.0,703727949.0,685250041.0,667053670.0,648755452.0
117,,XY,Not classified,,,,,,3059564861.0,3020375650.0,2983113040.0,2943860780.0,2903108878.0
118,,XY,Not classified,,,,,,2810588102.0,2803249752.0,2799436415.0,2787915973.0,2772716573.0
119,IRL,IE,Ireland,103684.880801837,103983.29133582,102001.798249145,85973.0884875501,80848.3019020489,5262382.0,5127170.0,5033164.0,4985382.0,4934340.0
120,IRN,IR,"Iran, Islamic Rep.",4502.5463291805,4668.45744305826,4084.20030478647,2746.41948317591,3276.75326508226,89172767.0,88550570.0,87923432.0,87290193.0,86564202.0
121,IRQ,IQ,Iraq,5512.47571978422,6441.91736451813,4816.78483395313,4250.74290829159,5621.18169491752,45504560.0,44496122.0,43533592.0,42556984.0,41563520.0
122,ISL,IS,Iceland,78811.0583922693,75135.0916136358,69252.3112431448,59023.5663465778,68452.23622306,393600.0,382003.0,372520.0,366463.0,360563.0
123,ISR,IL,Israel,52261.6761509633,54930.9388075096,52129.5159612108,44846.7915954816,44452.2325623093,9756700.0,9557500.0,9371400.0,9215100.0,9054000.0
124,ITA,IT,Italy,38373.1660497534,35068.8359738449,36441.0598048734,31922.9191626183,33673.7509627421,58761146.0,58940425.0,59133173.0,59438851.0,59729081.0
125,JAM,JM,Jamaica,6874.20028399387,6047.2164436428,5183.58102957767,4897.26476180879,5626.1704590766,2825544.0,2827377.0,2827695.0,2820436.0,2813773.0
126,JOR,JO,Jordan,4482.08602630337,4311.0000506816,4152.75795426388,3998.67313829235,4159.6537537759,11337052.0,11285869.0,11148278.0,10928721.0,10698683.0
127,JPN,JP,Japan,33834.3921056453,34017.2718075024,40058.5373276179,40040.7655055923,40415.9567649547,124516650.0,125124989.0,125681593.0,126261000.0,126633000.0
128,KAZ,KZ,Kazakhstan,13136.6229097144,11484.4168149009,10270.8873391027,9121.63640904156,9812.59552626324,19900177.0,19634983.0,19191356.0,18755666.0,18513673.0
129,KEN,KE,Kenya,1949.89896909713,2099.29856841025,2069.66112881918,1936.25075454374,1970.08007048615,55100586.0,54027487.0,53005614.0,51985780.0,50951450.0
130,KGZ,KG,Kyrgyz Republic,1969.86648107793,1739.79999970559,1365.50830399287,1256.92922601263,1451.51563835807,7100800.0,6974900.0,6773400.0,6579900.0,6456200.0
131,KHM,KH,Cambodia,1875.07148192948,1759.60802346044,1625.23502147979,1577.91173991645,1671.3854000919,16944826.0,16767842.0,16589023.0,16396860.0,16207746.0
132,KIR,KI,Kiribati,2089.91016071918,2061.39304132408,2244.11073068747,1763.15507074083,1745.7324153971,133515.0,131232.0,128874.0,126463.0,124241.0
133,KNA,KN,St. Kitts and Nevis,22553.3056457148,20593.609115757,18036.0085330047,18553.423916339,23219.6419256278,47755.0,47657.0,47606.0,47642.0,47712.0
134,KOR,KR,"Korea, Rep.",33121.3712885508,32394.6833725203,35125.5224984723,31721.2989141857,31902.4169048194,51712619.0,51672569.0,51769539.0,51836239.0,51764822.0
135,KWT,KW,Kuwait,37533.2177177327,42823.8278348699,33358.4631538575,24656.4337134064,31230.1729499142,4310108.0,4268873.0,4250114.0,4360444.0,4441100.0
136,LAC,XJ,Latin America & Caribbean (excluding high income),10070.4433755923,9033.75537958903,7916.81292030137,6882.22060784085,8245.29566055528,600825676.0,596596955.0,592503434.0,588011178.0,582701622.0
137,LAO,LA,Lao PDR,2075.40141406441,2054.43078086496,2535.62343439717,2593.35571817336,2598.50579475158,7633779.0,7529475.0,7425057.0,7319399.0,7212053.0
138,LBN,LB,Lebanon,,3823.93806860546,4136.14657516013,5599.95752260733,8925.42186017072,5353930.0,5489739.0,5592631.0,5662923.0,5781907.0
139,LBR,LR,Liberia,799.501400511629,754.53284857226,676.44292696753,624.289710007737,665.878447568436,5418377.0,5302681.0,5193416.0,5087584.0,4985289.0
140,LBY,LY,Libya,7329.97654106843,8211.38094790285,7094.99982017328,9872.11114427602,10972.902519068,6888388.0,6812341.0,6735277.0,6653942.0,6569088.0
141,LCA,LC,St. Lucia,13980.0940828315,13030.9289500727,10213.1154384479,8356.67855538872,11714.8975491757,180251.0,179857.0,179651.0,179237.0,178583.0
142,LCN,ZJ,Latin America & Caribbean,10681.7330935615,9618.70743198645,8516.30960050376,7386.13505696924,8771.14453844381,664155299.0,659306928.0,654978670.0,650533026.0,645293844.0
143,LDC,XL,Least developed countries: UN classification,1307.65017453078,1267.00441526421,1152.85242267264,1082.9929209144,1098.40753887349,1150346774.0,1124396999.0,1098791080.0,1072970944.0,1047426093.0
144,,XM,Low income,894.622389496696,753.954266799717,680.657477755926,659.290978844395,686.357799279352,1403021503.0,1395940386.0,1392964458.0,1393950970.0,1389172209.0
145,,XM,Low income,894.622389496696,753.954266799717,680.657477755926,659.290978844395,686.357799279352,,,,,
146,,XM,Low income,894.622389496696,753.954266799717,680.657477755926,659.290978844395,686.357799279352,722984063.0,703727949.0,685250041.0,667053670.0,648755452.0
147,,XM,Low income,894.622389496696,753.954266799717,680.657477755926,659.290978844395,686.357799279352,3059564861.0,3020375650.0,2983113040.0,2943860780.0,2903108878.0
148,,XM,Low income,894.622389496696,753.954266799717,680.657477755926,659.290978844395,686.357799279352,2810588102.0,2803249752.0,2799436415.0,2787915973.0,2772716573.0
149,LIE,LI,Liechtenstein,,187267.132380803,197504.548936258,165287.186766512,167259.160311816,39584.0,39327.0,39039.0,38756.0,38482.0
150,LKA,LK,Sri Lanka,3827.96480560557,3342.72012524497,3999.33800155592,3846.17449566736,4082.69404871533,22037000.0,22181000.0,22156000.0,21919000.0,21803000.0
151,,XN,Lower middle income,2413.66026325337,2430.52646293958,2311.12106091849,2065.92318543948,2162.54888541798,1403021503.0,1395940386.0,1392964458.0,1393950970.0,1389172209.0
152,,XN,Lower middle income,2413.66026325337,2430.52646293958,2311.12106091849,2065.92318543948,2162.54888541798,,,,,
153,,XN,Lower middle income,2413.66026325337,2430.52646293958,2311.12106091849,2065.92318543948,2162.54888541798,722984063.0,703727949.0,685250041.0,667053670.0,648755452.0
154,,XN,Lower middle income,2413.66026325337,2430.52646293958,2311.12106091849,2065.92318543948,2162.54888541798,3059564861.0,3020375650.0,2983113040.0,2943860780.0,2903108878.0
155,,XN,Lower middle income,2413.66026325337,2430.52646293958,2311.12106091849,2065.92318543948,2162.54888541798,2810588102.0,2803249752.0,2799436415.0,2787915973.0,2772716573.0
156,LMY,XO,Low & middle income,5676.38961014368,5582.45257367253,5370.44444121979,4608.95487620396,4810.52084108954,6593137026.0,6527353351.0,6467799496.0,6398830423.0,6324580903.0
157,LSO,LS,Lesotho,878.008505473734,992.857328462257,1054.9327396161,910.93494753765,1074.1340466189,2330318.0,2305825.0,2281454.0,2254100.0,2225702.0
158,LTE,V3,Late-demographic dividend,12180.2442197888,12068.2132845942,11567.2202575024,9719.11873198067,9976.98358578555,2326833223.0,2325328254.0,2323185156.0,2318233156.0,2310338402.0
159,LTU,LT,Lithuania,27102.7815282971,25078.7453655669,23849.6156993566,20381.8557827478,19615.5491450175,2871897.0,2831639.0,2800839.0,2794885.0,2794137.0
160,LUX,LU,Luxembourg,128259.402583282,125006.021815486,133711.794435985,116905.370396853,112726.439672814,668606.0,653103.0,640064.0,630419.0,620001.0
161,LVA,LV,Latvia,23184.3116680149,21508.4003332167,20930.3982374189,18096.2027073394,17883.3494113217,1881750.0,1879383.0,1884490.0,1900449.0,1913822.0
162,MAC,MO,"Macao SAR, China",66835.0643341913,35192.5278350868,45104.8921800265,37474.7345945939,82998.6361006441,704149.0,695168.0,686607.0,676283.0,663653.0
163,MAF,MF,St. Martin (French part),,,20320.7168789132,,19691.6167115689,32077.0,31791.0,31948.0,32553.0,33121.0
164,MAR,MA,Morocco,3672.1123046875,3441.99145507813,3767.52490234375,3258.26904296875,3498.58276367188,37840044.0,37457971.0,37076584.0,36688772.0,36304408.0
165,MCO,MC,Monaco,,240862.18244774,235132.784182144,182537.387370109,199382.838585354,36297.0,36469.0,36686.0,36922.0,37034.0
166,MDA,MD,Moldova,6650.64795654292,5715.28022054154,5274.60582195352,4375.7788930524,4405.33418162155,2486891.0,2538894.0,2595809.0,2635130.0,2664224.0
167,MDG,MG,Madagascar,528.650154757007,516.772196977613,503.352081190858,462.404228818383,512.27966560241,30325732.0,29611714.0,28915653.0,28225177.0,27533134.0
168,MDV,MV,Maldives,12667.4356695795,11780.8169089988,10076.317533903,7216.81637703018,11349.8592675975,521021.0,523787.0,521457.0,514438.0,504508.0
169,MEA,ZQ,Middle East & North Africa,8561.88648477206,9116.77278273094,7775.55195119201,6665.21717740336,7501.9689641949,500787313.0,493279469.0,486174763.0,479966649.0,473201775.0
170,MEX,MX,Mexico,13926.1136190914,11476.6788057764,10363.1927221972,8895.61521605941,10434.5676193955,128455567.0,127504125.0,126705138.0,125998302.0,125085311.0
171,MHL,MH,Marshall Islands,6762.54881417278,6225.17922244115,6130.4371365469,5545.60026741253,5186.83384237084,41996.0,41569.0,42050.0,43413.0,44728.0
172,MIC,XP,Middle income,6266.77743233869,6165.89619410795,5925.7709749664,5068.53998098794,5281.78360259079,5870152963.0,5823625402.0,5782549455.0,5731776753.0,5675825451.0
173,MKD,MK,North Macedonia,8146.46797547749,7485.6034579418,7620.80296977508,6659.59651070776,6718.85826635458,1811980.0,1831712.0,1837114.0,1856124.0,1876262.0
174,MLI,ML,Mali,897.448670290571,831.223466645115,881.510088733585,822.906136832132,840.175746366299,23293698.0,22593590.0,21904983.0,21224040.0,20567424.0
175,MLT,MT,Malta,37882.2651856816,34563.3966270232,34951.7081679971,29592.5714840718,31751.1811756369,553214.0,531113.0,518536.0,515332.0,504062.0
176,MMR,MM,Myanmar,1187.56706423461,1149.01896107058,1233.22776997352,1478.87278562378,1415.24898557512,54577997.0,54179306.0,53798084.0,53423198.0,53040212.0
177,MNA,XQ,Middle East & North Africa (excluding high income),3821.57895660603,4147.97463172171,3672.55692035451,3215.95906834746,3536.33661519656,430857111.0,424328381.0,418047201.0,411810124.0,405259403.0
178,MNE,ME,Montenegro,12016.907421906,10093.4387007266,9465.96153027794,7677.37132106817,8909.6538759126,616177.0,617213.0,619211.0,621306.0,622028.0
179,MNG,MN,Mongolia,5764.80281276063,5045.50472602069,4566.14013029182,4041.17414564367,4394.94715044543,3447157.0,3398366.0,3347782.0,3294335.0,3232430.0
180,MNP,MP,Northern Mariana Islands,,,,17302.9221368504,23687.2718520599,49796.0,49551.0,49481.0,49587.0,49858.0
181,MOZ,MZ,Mozambique,608.442707550256,558.298592504349,504.037758654687,456.581918375225,512.215756850012,33897354.0,32969518.0,32077072.0,31178239.0,30285595.0
182,MRT,MR,Mauritania,2149.41408725335,2057.38039245817,1998.39400265586,1836.29241098592,1800.87518658218,4862989.0,4736139.0,4614974.0,4498604.0,4383849.0
183,MUS,MU,Mauritius,11416.858992993,10239.7970461095,9068.97292976686,9011.04288445023,11403.2527870674,1261041.0,1262523.0,1266334.0,1266014.0,1265985.0
184,MWI,MW,Malawi,672.869702222595,643.433195658657,632.533192648231,621.417772482775,587.115464659464,20931751.0,20405317.0,19889742.0,19377061.0,18867337.0
185,MYS,MY,Malaysia,11648.6741574144,11993.1876132994,11134.6229528189,10164.344431073,11132.1027429418,34308525.0,33938221.0,33573874.0,33199993.0,32804020.0
186,NAC,XU,North America,78675.4809268757,74980.8332051402,69147.0491707873,62186.9899064628,63584.0377419401,375076145.0,372274062.0,370352605.0,369619464.0,366012359.0
187,NAM,NA,Namibia,4742.78382677745,4895.68066089139,4901.87588947838,4252.04172014353,5126.17614281673,2604172.0,2567012.0,2530151.0,2489098.0,2446644.0
188,NCL,NC,New Caledonia,,35745.8489248912,37247.4931167883,34877.6356349199,34934.5794300065,267940.0,269215.0,270390.0,271080.0,271240.0
189,NER,NE,Niger,618.28722904313,588.899048266729,590.629494755814,564.841662320132,549.81612777766,27202843.0,26207977.0,25252722.0,24333639.0,23443393.0
190,NGA,NG,Nigeria,1621.12351497744,2162.6337321033,2065.77441035114,2074.61374785422,2334.02364195898,223804632.0,218541212.0,213401323.0,208327405.0,203304492.0
191,NIC,NI,Nicaragua,2530.29107203624,2252.31020571776,2064.6646185055,1877.10855537062,1905.64091736446,7046310.0,6948392.0,6850540.0,6755895.0,6663924.0
192,NLD,NL,Netherlands,62536.7320298151,57025.01245598,58727.8705471475,52162.5701150406,52476.2732533327,17879488.0,17700982.0,17533044.0,17441500.0,17344874.0
193,NOR,NO,Norway,87961.7806135072,108798.451165901,93072.8925119571,68340.0181033702,76430.5889473338,5519594.0,5457127.0,5408320.0,5379475.0,5347896.0
194,NPL,NP,Nepal,1324.03198433372,1348.15718956035,1229.39420401521,1139.18989468388,1185.68231827815,30896590.0,30547580.0,30034989.0,29348627.0,28832496.0
195,NRU,NR,Nauru,12060.0781059109,12142.769929785,14018.8858357941,10124.7006220945,10316.5278229326,12780.0,12668.0,12511.0,12315.0,12132.0
196,NZL,NZ,New Zealand,48527.828920018,48216.5095836302,49624.1816729553,41785.6922905898,42747.2099299966,5223100.0,5117200.0,5111300.0,5090200.0,4979200.0
197,OED,OE,OECD members,46280.5806131269,43681.7314639081,42930.7751337564,38592.7778890311,39685.5608569649,1385005653.0,1377465841.0,1371972508.0,1369502262.0,1362032167.0
198,OMN,OM,Oman,23295.3299592198,25056.7948608378,19509.4664633867,16707.6230063214,19132.1522739094,4644384.0,4576298.0,4520471.0,4543399.0,4602768.0
199,OSS,S4,Other small states,16459.966187197,15844.3700627197,14917.5933984416,12862.5340808613,14212.9139759241,14240737.0,14095313.0,13943732.0,13853034.0,13751038.0
200,PAK,PK,Pakistan,1407.02135059495,1589.26398049714,1506.10829305917,1322.31478539554,1437.1658330724,240485658.0,235824862.0,231402117.0,227196741.0,223293280.0
201,PAN,PA,Panama,18661.7673290605,17357.6286293985,15491.2898013383,13293.3331951688,16472.8317470488,4468087.0,4408581.0,4351267.0,4294396.0,4232532.0
202,PER,PE,Peru,7789.87097514036,7239.11131130898,6713.66205386496,6047.47546434312,6956.49574886694,34352719.0,34049588.0,33715471.0,33304756.0,32824861.0
203,PHL,PH,Philippines,3725.55120488081,3499.10727950801,3460.53938172807,3224.42281121767,3413.84904430419,117337368.0,115559009.0,113880328.0,112190977.0,110380804.0
204,PLW,PW,Palau,14565.3302534617,13421.9722911546,12752.8952959639,14532.5583231468,15730.559546438,18058.0,18055.0,18024.0,17972.0,17916.0
205,PNG,PG,Papua New Guinea,2994.4533269188,3115.92292253449,2624.60410978363,2446.08468660615,2593.77555393227,10329931.0,10142619.0,9949437.0,9749640.0,9542486.0
206,POL,PL,Poland,22112.861574706,18732.4977273198,18050.2778862996,15816.819050319,15700.0135796738,36685849.0,36821749.0,37747124.0,37899070.0,37965475.0
207,PRE,V1,Pre-demographic dividend,1466.18967475135,1579.54435449704,1420.14132754964,1330.58963017454,1490.50456175284,1065710613.0,1038012552.0,1011043183.0,984213438.0,957503246.0
208,PRI,PR,Puerto Rico,36779.0594913858,35268.0791015719,32619.250416757,31427.4291136799,32916.866800639,3205691.0,3220113.0,3262693.0,3281557.0,3193694.0
209,PRK,KP,"Korea, Dem. People's Rep.",,,,,,26160821.0,26069416.0,25971909.0,25867467.0,25755441.0
210,PRT,PT,Portugal,27275.1115544691,24515.2657495716,24661.1664874576,22242.406417972,23330.817288932,10525347.0,10409704.0,10361831.0,10297081.0,10286263.0
211,PRY,PY,Paraguay,6260.45519099666,6187.0660296399,5959.44179393627,5353.34806456279,5807.83879407975,6861524.0,6780744.0,6703799.0,6618695.0,6530026.0
212,PSE,PS,West Bank and Gaza,3367.60699023864,3799.95527015163,3678.63565662194,3233.56863835858,3656.85827137011,5165775.0,5043612.0,4922749.0,4803269.0,4685306.0
213,PSS,S2,Pacific island small states,4194.68736938507,3909.14166460187,3648.41603801244,3703.05219632562,4230.5980928619,2677728.0,2639019.0,2602173.0,2566819.0,2536070.0
214,PST,V4,Post-demographic dividend,53464.0015221955,50759.6274098503,49781.6773081209,44745.8899129628,45822.0716593778,1119478514.0,1114354147.0,1116651310.0,1117530670.0,1113410921.0
215,PYF,PF,French Polynesia,,18984.8510962405,20230.2410482554,19185.6977702906,20093.2085805567,308872.0,306279.0,304032.0,301920.0,299717.0
216,QAT,QA,Qatar,,87480.4197119462,66858.7417247523,52315.6600806222,62827.3969554767,2716391.0,2695122.0,2688235.0,2760385.0,2807235.0
217,ROU,RO,Romania,18419.4187120644,15692.3071700143,14946.624968678,13047.4566563993,12957.9991142218,19056116.0,19047009.0,19122059.0,19265250.0,19371648.0
218,RUS,RU,Russian Federation,13817.0458984375,15445.2421875,12521.5224609375,10108.3271484375,11447.701171875,143826130.0,144236933.0,144746762.0,145245148.0,145453291.0
219,RWA,RW,Rwanda,1000.21892281433,966.571293318523,822.26804122921,773.931800619504,806.332472032037,14094683.0,13776698.0,13461888.0,13146362.0,12835028.0
220,SAS,8S,South Asia,2308.71977654436,2254.56195751261,2145.14846632702,1855.54425205771,1965.09061363678,1938549529.0,1919348000.0,1901911604.0,1882531620.0,1861598514.0
221,SAU,SA,Saudi Arabia,28894.963351808,30447.8823171601,24315.6153272971,20398.0614331035,23405.7087429435,36947025.0,36408820.0,35950396.0,35997107.0,35827362.0
222,SDN,SD,Sudan,2272.48559570313,1102.24536132813,749.706787109375,608.33251953125,748.010925292969,48109006.0,46874204.0,45657202.0,44440486.0,43232093.0
223,SEN,SN,Senegal,1745.97206754147,1594.98515311153,1630.69507165793,1492.47590293523,1462.67835252138,17763163.0,17316449.0,16876720.0,16436120.0,16000781.0
224,SGP,SG,Singapore,84734.2559206054,88428.7024226232,79601.4129622433,61466.803676358,66081.7199235165,5917648.0,5637022.0,5453566.0,5685807.0,5703569.0
225,SLB,SB,Solomon Islands,2203.1791258997,2162.6661301834,2151.29301659728,2222.46211853173,2398.77305007963,740424.0,724273.0,707851.0,691191.0,674993.0
226,SLE,SL,Sierra Leone,433.37417433006,475.795727844622,504.621287621531,493.432240551423,506.606913779078,8791092.0,8605718.0,8420641.0,8233970.0,8046828.0
227,SLV,SV,El Salvador,5344.21439437871,5048.443972532,4599.67878581609,3960.31389233069,4280.28840404719,6364943.0,6336392.0,6314167.0,6292731.0,6280217.0
228,SMR,SM,San Marino,,,54982.451714817,45321.4892226161,47287.3983948633,33642.0,33660.0,33745.0,34007.0,34178.0
229,SOM,SO,Somalia,643.750028806778,592.103121972141,576.523678242099,556.578066029332,589.465891901627,18143378.0,17597511.0,17065581.0,16537016.0,15981300.0
230,SRB,RS,Serbia,11360.9595106966,9537.68431879504,9232.95770463789,7733.80346893763,7417.20660836868,6618026.0,6664449.0,6834326.0,6899126.0,6945235.0
231,SSA,ZF,Sub-Saharan Africa (excluding high income),1635.24211286661,1700.18641364767,1635.20218922633,1489.60464113599,1630.55857440587,1241778044.0,1211070124.0,1181063755.0,1151203619.0,1121451424.0
232,SSD,SS,South Sudan,,,,,,11088796.0,10913164.0,10748272.0,10606227.0,10447666.0
233,SSF,ZG,Sub-Saharan Africa,1636.80874120826,1701.71726642046,1636.32385226633,1490.67810597184,1632.082811636,1241897817.0,1211190002.0,1181163013.0,1151302081.0,1121549049.0
234,SST,S1,Small states,14884.7569105337,14176.6140571601,12920.699840484,11219.28661025,12581.2230617678,20086203.0,19881389.0,19674424.0,19526038.0,19377482.0
235,STP,ST,Sao Tome and Principe,2601.79054652115,2386.6961758184,2350.45270097134,2155.26586782508,1924.40814952173,231856.0,227380.0,223107.0,218641.0,214599.0
236,SUR,SR,Suriname,6069.02890083889,5858.82466074423,5026.87949279073,4796.53331389928,6690.04478601228,623236.0,618040.0,612985.0,607065.0,600301.0
237,SVK,SK,Slovak Republic,24470.238537883,21279.4589247729,21765.722502093,19553.2609613643,19381.8905468746,5426740.0,5431752.0,5447247.0,5458827.0,5454147.0
238,SVN,SI,Slovenia,32163.5114152484,28439.3340989687,29331.0647010043,25558.4290544506,26042.4463468032,2120937.0,2111986.0,2108079.0,2102419.0,2088385.0
239,SWE,SE,Sweden,56305.250200767,56299.5057328064,61417.6808766469,52837.9039778149,51939.4297445291,10536632.0,10486941.0,10415811.0,10353442.0,10278887.0
240,SWZ,SZ,Eswatini,3797.30120946164,3986.88723918267,4068.57378984532,3372.90461128068,3843.38004601919,1210822.0,1201670.0,1192271.0,1180655.0,1169613.0
241,SXM,SX,Sint Maarten (Dutch part),39432.6381247356,37592.6608071757,33238.4558674588,30642.5799394959,35509.49472678,41163.0,40888.0,40708.0,40350.0,39648.0
242,SYC,SC,Seychelles,17879.2396545075,17167.1909760833,14982.9111487767,14041.4754074575,19141.5118743615,119773.0,119878.0,99258.0,98462.0,97625.0
243,SYR,SY,Syrian Arab Republic,,,421.117345181756,537.048370894551,1123.63235251465,23227014.0,22125249.0,21324367.0,20772595.0,20098251.0
244,TCA,TC,Turks and Caicos Islands,30438.4175881929,26886.514735383,23180.8851703573,17496.017465787,27327.8832805295,46062.0,45703.0,45114.0,44276.0,43080.0
245,TCD,TD,Chad,719.384875157521,699.463254485574,685.690314996618,643.772215694009,701.621201027424,18278568.0,17723315.0,17179740.0,16644701.0,16126866.0
246,TEA,T4,East Asia & Pacific (IDA & IBRD countries),10023.2019952136,10027.1765277205,9922.57074410658,8354.73673784021,8262.81763368418,2107522258.0,2103055378.0,2097669023.0,2090523535.0,2080648616.0
247,TEC,T7,Europe & Central Asia (IDA & IBRD countries),11952.6880645648,11413.9150111898,9985.47709265927,8437.72850580865,9022.69589831855,457326090.0,457342249.0,463035774.0,462304330.0,461027359.0
248,TGO,TG,Togo,1012.9738726321,923.240371150258,964.998109961965,876.542972383418,848.310124981212,9053799.0,8848699.0,8644829.0,8442580.0,8243094.0
249,THA,TH,Thailand,7171.80809318978,6913.05080521119,7070.51250729112,7001.85028683673,7628.57603307351,71801279.0,71697030.0,71601103.0,71475664.0,71307763.0
250,TJK,TJ,Tajikistan,1188.99303811773,1076.43469114729,916.691967061922,852.330202064927,889.023340713117,10143543.0,9952787.0,9750064.0,9543207.0,9337003.0
251,TKM,TM,Turkmenistan,9190.67154341786,8792.5485039672,7885.29989591824,7330.36628793054,7344.88020350303,6516100.0,6430770.0,6341855.0,6250438.0,6158420.0
252,TLA,T2,Latin America & the Caribbean (IDA & IBRD countries),10439.5260704558,9388.72096989775,8304.28022515683,7183.58454333269,8596.41766087618,648763330.0,643884393.0,639469895.0,634961078.0,629795751.0
253,TLS,TL,Timor-Leste,1648.64729020342,2389.2958750343,2741.95081994516,1663.5596290755,1583.07860279061,1360596.0,1341296.0,1320942.0,1299995.0,1280438.0
254,TMN,T3,Middle East & North Africa (IDA & IBRD countries),3827.11624026457,4152.18363676059,3672.48448675069,3215.7512499761,3534.92693633058,425691336.0,419284769.0,413124452.0,407006855.0,400574097.0
255,TON,TO,Tonga,,4681.67940711244,4425.97149198516,4605.97084119137,4878.97868604087,107773.0,106858.0,106017.0,105254.0,104951.0
256,TSA,T5,South Asia (IDA & IBRD),2308.71977654436,2254.56195751261,2145.14846632702,1855.54425205771,1965.09061363678,1938549529.0,1919348000.0,1901911604.0,1882531620.0,1861598514.0
257,TSS,T6,Sub-Saharan Africa (IDA & IBRD countries),1636.80874120826,1701.71726642046,1636.32385226633,1490.67810597184,1632.082811636,1241897817.0,1211190002.0,1181163013.0,1151302081.0,1121549049.0
258,TTO,TT,Trinidad and Tobago,18332.9640176054,19629.4653400829,16056.3020409273,13705.900228571,15642.4067190576,1534937.0,1531044.0,1525663.0,1518147.0,1519955.0
259,TUN,TN,Tunisia,3895.38663874079,3607.91023773078,3817.37717375123,3493.89773765706,3477.83618091653,12458223.0,12356117.0,12262946.0,12161723.0,12049314.0
260,TUR,TR,Turkiye,12985.7531497962,10674.5041731531,9743.21313092428,8638.73913259299,9215.44087472889,85326000.0,84979913.0,84147318.0,83384680.0,82579440.0
261,TUV,TV,Tuvalu,5465.10280670561,5221.53306995807,5372.76023865042,4674.91140255256,4940.05098268449,11396.0,11312.0,11204.0,11069.0,10956.0
262,TZA,TZ,Tanzania,1211.05859375,1193.35961914063,1146.03198242188,1104.16442871094,1050.93176269531,67438106.0,65497748.0,63588334.0,61704518.0,59872579.0
263,UGA,UG,Uganda,1014.21397773156,964.354146526666,883.892026171965,846.76720261962,823.024732902811,48582334.0,47249585.0,45853778.0,44404611.0,42949080.0
264,UKR,UA,Ukraine,5181.36279296875,4575.97509765625,4827.845703125,3751.7373046875,3661.45776367188,37000000.0,38000000.0,43848986.0,44207754.0,44474512.0
265,,XT,Upper middle income,10461.7526167701,10190.883998462,9778.05333809637,8239.11108405914,8547.70630387593,1403021503.0,1395940386.0,1392964458.0,1393950970.0,1389172209.0
266,,XT,Upper middle income,10461.7526167701,10190.883998462,9778.05333809637,8239.11108405914,8547.70630387593,,,,,
267,,XT,Upper middle income,10461.7526167701,10190.883998462,9778.05333809637,8239.11108405914,8547.70630387593,722984063.0,703727949.0,685250041.0,667053670.0,648755452.0
268,,XT,Upper middle income,10461.7526167701,10190.883998462,9778.05333809637,8239.11108405914,8547.70630387593,3059564861.0,3020375650.0,2983113040.0,2943860780.0,2903108878.0
269,,XT,Upper middle income,10461.7526167701,10190.883998462,9778.05333809637,8239.11108405914,8547.70630387593,2810588102.0,2803249752.0,2799436415.0,2787915973.0,2772716573.0
270,URY,UY,Uruguay,22564.5324620687,20499.2422244452,17733.8551643902,15651.0033775375,18149.0562908315,3423108.0,3422794.0,3426260.0,3429086.0,3428409.0
271,USA,US,United States,81695.1870713305,77246.6738828672,71055.8761938303,64317.398912504,65548.0707847572,334914895.0,333271411.0,332048977.0,331526933.0,328329953.0
272,UZB,UZ,Uzbekistan,2496.10775758036,2276.16123306477,1993.42447787206,1759.30747053678,1795.20176845657,36412350.0,35648100.0,34915100.0,34232050.0,33580350.0
273,VCT,VC,St. Vincent and the Grenadines,10279.4939435955,9297.84692916259,8360.09973858381,8306.36049307201,8680.25110238522,103698.0,103948.0,104332.0,104632.0,104924.0
274,VEN,VE,"Venezuela, RB",,,,,,28838499.0,28301696.0,28199867.0,28490453.0,28971683.0
275,VGB,VG,British Virgin Islands,,,,,,31538.0,31305.0,31122.0,30910.0,30610.0
276,VIR,VI,Virgin Islands (U.S.),,,41976.0083120809,39411.0452535516,38633.5298915336,104917.0,105413.0,105870.0,106290.0,106669.0
277,VNM,VN,Viet Nam,4346.76849237821,4179.01179036963,3759.94832901576,3586.34717624763,3491.09140990663,98858950.0,98186856.0,97468029.0,96648685.0,95776716.0
278,VUT,VU,Vanuatu,3367.09463871866,3128.54042205837,2978.01259813971,2917.75684908933,3076.58988588361,334506.0,326740.0,319137.0,311685.0,304404.0
279,WLD,1W,World,13138.3275456864,12730.1571671098,12362.4642088343,10941.6626777859,11358.4786578376,8024997028.0,7951595433.0,7888963821.0,7821271846.0,7742724795.0
280,WSM,WS,Samoa,4139.02958723,3745.56036746313,3857.68974206459,4042.72275154324,4308.3007294066,225681.0,222382.0,218764.0,214929.0,211905.0
281,XKX,XK,Kosovo,5943.12571420876,5290.97739696474,5270.55064003061,4310.9340020057,4416.02925267842,1756374.0,1768086.0,1786038.0,1790133.0,1788878.0
282,YEM,YE,"Yemen, Rep.",533.367123496464,698.850349965249,583.849041342565,626.309168909111,693.816507640113,34449825.0,33696614.0,32981641.0,32284046.0,31546691.0
283,ZAF,ZA,South Africa,6253.16161272014,6766.48125428394,7073.61275415525,5753.06649434631,6702.52661671812,60414495.0,59893885.0,59392255.0,58801927.0,58087055.0
284,ZMB,ZM,Zambia,1369.12936484937,1456.90157026157,1134.71345415843,958.264900505992,1268.12094056241,20569737.0,20017675.0,19473125.0,18927715.0,18380477.0
285,ZWE,ZW,Zimbabwe,1592.41657368542,1676.82148896788,1773.92041088078,1372.69667433317,1421.86859641758,16665409.0,16320537.0,15993524.0,15669666.0,15354608.0
