,COUNTRY,ISO3,WHO_REGION,DATA_SOURCE,DATE_UPDATED,TOTAL_VACCINATIONS,PERSONS_VACCINATED_1PLUS_DOSE,TOTAL_VACCINATIONS_PER100,PERSONS_VACCINATED_1PLUS_DOSE_PER100,PERSONS_LAST_DOSE,PERSONS_LAST_DOSE_PER100,VACCINES_USED,FIRST_VACCINE_DATE,NUMBER_VACCINES_TYPES_USED,PERSONS_BOOSTER_ADD_DOSE,PERSONS_BOOSTER_ADD_DOSE_PER100,Cumulative_cases,Cumulative_deaths
0,Aruba,ABW,AMRO,REPORTING,2023-12-29,217124.0,90493.0,203.0,85.0,84363.0,79.0,,2021-02-17,,35659.0,33.0,44224.0,292.0
1,Afghanistan,AFG,EMRO,REPORTING,2023-12-31,22964750.0,19151369.0,59.0,49.0,18370386.0,47.0,,2021-02-22,,2729940.0,7.0,235214.0,7998.0
2,Angola,AGO,AFRO,REPORTING,2023-12-31,27819132.0,16550642.0,85.0,50.0,9609080.0,29.0,,2021-03-10,,3067091.0,9.0,107481.0,1937.0
3,Anguilla,AIA,AMRO,REPORTING,2023-12-29,24864.0,10858.0,166.0,72.0,10382.0,69.0,,2021-02-05,,3231.0,22.0,3904.0,12.0
4,Albania,ALB,EURO,REPORTING,2023-12-23,3088966.0,1349255.0,107.0,47.0,1279333.0,44.0,,2021-01-13,,402371.0,14.0,335047.0,3605.0
5,Andorra,AND,EURO,REPORTING,2023-12-23,157072.0,57913.0,203.0,75.0,53501.0,69.0,,2021-01-20,,43071.0,56.0,48015.0,159.0
6,Argentina,ARG,AMRO,REPORTING,2023-12-29,116686617.0,41188650.0,258.0,91.0,38090133.0,84.0,,2020-12-29,,27718875.0,61.0,10102944.0,130678.0
7,Armenia,ARM,EURO,REPORTING,2023-12-23,2256919.0,1150915.0,76.0,39.0,1030758.0,35.0,,2021-01-27,,81354.0,3.0,452273.0,8777.0
8,Antigua and Barbuda,ATG,AMRO,REPORTING,2023-12-29,136512.0,64290.0,139.0,66.0,62384.0,64.0,,2021-03-01,,9838.0,10.0,9106.0,146.0
9,Australia,AUS,WPRO,REPORTING,2023-12-31,69686752.0,22443557.0,273.0,88.0,21766240.0,85.0,,2021-02-21,,14391682.0,56.0,11861161.0,25236.0
10,Austria,AUT,EURO,REPORTING,2023-12-23,20403676.0,6909588.0,229.0,78.0,6682372.0,75.0,,2020-12-30,,5405966.0,61.0,6082582.0,22534.0
11,Azerbaijan,AZE,EURO,REPORTING,2023-12-23,13829360.0,5436662.0,136.0,54.0,4888112.0,48.0,,2021-01-20,,3504588.0,35.0,836285.0,10353.0
12,Burundi,BDI,AFRO,REPORTING,2023-12-31,42252.0,36909.0,,,36321.0,,,2021-10-18,,314.0,,54569.0,15.0
13,Belgium,BEL,EURO,REPORTING,2023-12-23,29117755.0,9248897.0,253.0,80.0,9152736.0,79.0,,2020-12-30,,7246551.0,63.0,4881753.0,34339.0
14,Benin,BEN,AFRO,REPORTING,2023-12-31,4232541.0,3697190.0,35.0,30.0,2742837.0,23.0,,2021-03-29,,,,28036.0,163.0
15,Burkina Faso,BFA,AFRO,REPORTING,2023-12-31,7893609.0,6089089.0,38.0,29.0,5232347.0,25.0,,2021-06-02,,4056.0,,22139.0,400.0
16,Bulgaria,BGR,EURO,REPORTING,2023-12-23,4723016.0,2155863.0,68.0,31.0,2080472.0,30.0,,2020-12-30,,864723.0,12.0,1334300.0,38721.0
17,Bahamas,BHS,AMRO,REPORTING,2023-12-29,366359.0,174810.0,93.0,44.0,166972.0,42.0,,2021-03-14,,33717.0,9.0,39127.0,849.0
18,Bosnia and Herzegovina,BIH,EURO,REPORTING,2023-12-23,1190949.0,546013.0,36.0,17.0,461202.0,14.0,,,,182203.0,6.0,403830.0,16399.0
19,Belarus,BLR,EURO,REPORTING,2023-12-23,22765402.0,6451746.0,241.0,68.0,6366658.0,67.0,,2021-02-03,,5724423.0,61.0,994038.0,7118.0
20,Belize,BLZ,AMRO,REPORTING,2023-12-29,511106.0,236221.0,129.0,59.0,221478.0,56.0,,2021-03-01,,53189.0,13.0,71416.0,688.0
21,Bermuda,BMU,AMRO,REPORTING,2023-12-29,136759.0,48554.0,220.0,78.0,47657.0,77.0,,2021-01-11,,32016.0,51.0,18860.0,165.0
22,Bolivia (Plurinational State of),BOL,AMRO,REPORTING,2023-12-29,16104540.0,7505389.0,138.0,64.0,6307628.0,54.0,,2021-01-30,,2521192.0,22.0,1212149.0,22387.0
23,Brazil,BRA,AMRO,REPORTING,2023-12-29,516237106.0,184663245.0,243.0,87.0,172876264.0,81.0,,2021-01-17,,110574302.0,52.0,37511921.0,702116.0
24,Barbados,BRB,AMRO,REPORTING,2023-12-29,384049.0,163853.0,134.0,57.0,155047.0,54.0,,2021-01-08,,62848.0,22.0,108815.0,593.0
25,Botswana,BWA,AFRO,REPORTING,2023-12-31,3171667.0,1951054.0,135.0,83.0,1663490.0,71.0,,2021-03-26,,510809.0,22.0,330696.0,2801.0
26,Central African Republic,CAF,AFRO,REPORTING,2023-12-31,3342248.0,2600389.0,69.0,54.0,2484985.0,51.0,,2021-03-19,,366221.0,8.0,15441.0,113.0
27,Canada,CAN,AMRO,REPORTING,2023-12-29,99034734.0,32647931.0,262.0,87.0,31314748.0,83.0,,2020-12-14,,19860368.0,53.0,4819055.0,55282.0
28,Switzerland,CHE,EURO,REPORTING,2023-12-23,16755985.0,6096600.0,194.0,70.0,5723066.0,66.0,,2020-12-23,,4996650.0,58.0,4462113.0,14170.0
29,Chile,CHL,AMRO,REPORTING,2023-12-29,66864900.0,17538744.0,350.0,92.0,17721999.0,93.0,,2020-12-21,,15779434.0,83.0,5402165.0,64497.0
30,Cameroon,CMR,AFRO,REPORTING,2023-12-31,4880572.0,3753733.0,18.0,14.0,3197286.0,12.0,,2021-04-12,,803560.0,3.0,125266.0,1974.0
31,Democratic Republic of the Congo,COD,AFRO,REPORTING,2023-12-31,18808671.0,17045721.0,21.0,19.0,14399520.0,16.0,,2021-04-19,,,,100973.0,1474.0
32,Congo,COG,AFRO,REPORTING,2023-12-31,833210.0,695760.0,15.0,13.0,654119.0,12.0,,2021-03-23,,,,25234.0,389.0
33,Colombia,COL,AMRO,REPORTING,2023-12-29,90931192.0,43012174.0,179.0,85.0,37204128.0,73.0,,2021-02-17,,14944212.0,29.0,6394022.0,142727.0
34,Comoros,COM,AFRO,REPORTING,2023-12-31,835021.0,438825.0,96.0,50.0,397080.0,46.0,,2021-04-10,,,,9109.0,161.0
35,Cabo Verde,CPV,AFRO,REPORTING,2023-12-31,859940.0,356734.0,155.0,64.0,308720.0,56.0,,2021-03-18,,749.0,,64474.0,417.0
36,Costa Rica,CRI,AMRO,REPORTING,2023-12-29,13576935.0,4650636.0,267.0,91.0,4369784.0,86.0,,2020-12-24,,2986527.0,59.0,1235479.0,9374.0
37,Cuba,CUB,AMRO,REPORTING,2023-12-29,45857667.0,10786800.0,405.0,95.0,10043987.0,89.0,,,,8783298.0,78.0,1113662.0,8530.0
38,Cayman Islands,CYM,AMRO,REPORTING,2023-12-29,152148.0,62113.0,232.0,95.0,60696.0,92.0,,2021-01-15,,24064.0,37.0,31472.0,37.0
39,Cyprus,CYP,EURO,REPORTING,2023-12-23,1891597.0,669294.0,213.0,75.0,656138.0,74.0,,2020-12-23,,520026.0,59.0,699372.0,1482.0
40,Czechia,CZE,EURO,REPORTING,2023-12-23,18615329.0,6972222.0,174.0,65.0,6887973.0,64.0,,2020-12-23,,4365928.0,41.0,4777059.0,43554.0
41,Germany,DEU,EURO,REPORTING,2023-12-23,193241457.0,64868618.0,232.0,78.0,63566137.0,76.0,,2020-12-23,,52143826.0,63.0,38437756.0,174979.0
42,Djibouti,DJI,EMRO,REPORTING,2023-12-31,723789.0,372077.0,73.0,38.0,351712.0,36.0,,2021-03-15,,,,15690.0,189.0
43,Dominica,DMA,AMRO,REPORTING,2023-12-29,67647.0,32995.0,94.0,46.0,30659.0,43.0,,2021-02-12,,3993.0,6.0,16047.0,74.0
44,Denmark,DNK,EURO,REPORTING,2023-12-23,14928430.0,4737987.0,256.0,81.0,4781285.0,82.0,,2020-12-16,,3674678.0,63.0,3439642.0,9808.0
45,Dominican Republic,DOM,AMRO,REPORTING,2023-12-29,16431089.0,7360900.0,151.0,68.0,6130483.0,57.0,,2021-02-16,,2575142.0,24.0,661103.0,4384.0
46,Algeria,DZA,AFRO,REPORTING,2023-12-31,15267442.0,7840131.0,35.0,18.0,6481186.0,15.0,,2021-01-30,,575651.0,1.0,272170.0,6881.0
47,Ecuador,ECU,AMRO,REPORTING,2023-12-29,39585085.0,15345791.0,224.0,87.0,14249559.0,81.0,,2021-01-20,,7732930.0,44.0,1078612.0,36053.0
48,Egypt,EGY,EMRO,REPORTING,2023-12-31,102191677.0,56907319.0,100.0,56.0,42337175.0,41.0,,2021-01-24,,15217352.0,15.0,516023.0,24830.0
49,Spain,ESP,EURO,REPORTING,2023-12-23,119228502.0,41332877.0,252.0,87.0,37486219.0,79.0,,2020-12-30,,32914841.0,70.0,13980340.0,121852.0
50,Estonia,EST,EURO,REPORTING,2023-12-23,2205229.0,845148.0,166.0,64.0,842177.0,63.0,,2020-12-23,,487389.0,37.0,610471.0,2998.0
51,Ethiopia,ETH,AFRO,REPORTING,2023-12-31,68856793.0,52489512.0,60.0,46.0,43653006.0,38.0,,2021-03-13,,5978070.0,5.0,501224.0,7574.0
52,Finland,FIN,EURO,REPORTING,2023-12-23,14186622.0,4547671.0,257.0,82.0,4365135.0,79.0,,2020-12-23,,4016189.0,73.0,1499712.0,11466.0
53,France,FRA,EURO,REPORTING,2023-12-23,158060078.0,54677676.0,243.0,84.0,53189148.0,82.0,,2020-12-23,,41042160.0,63.0,39016278.0,168091.0
54,Gabon,GAB,AFRO,REPORTING,2023-12-31,572672.0,311244.0,26.0,14.0,257471.0,12.0,,2021-03-23,,2592.0,,49056.0,307.0
55,United Kingdom of Great Britain and Northern Ireland,GBR,EURO,REPORTING,2023-12-23,151248820.0,53813491.0,223.0,79.0,50762968.0,75.0,,2020-12-21,,,,24992089.0,232112.0
56,Georgia,GEO,EURO,REPORTING,2023-12-23,2739270.0,1300867.0,69.0,33.0,1187212.0,30.0,,2021-03-17,,251191.0,6.0,1863615.0,17150.0
57,Ghana,GHA,AFRO,REPORTING,2023-12-31,25624828.0,13864186.0,82.0,45.0,10780003.0,35.0,,2021-03-02,,4806017.0,15.0,172107.0,1462.0
58,Guinea,GIN,AFRO,REPORTING,2023-12-31,12049511.0,8715641.0,92.0,66.0,5853990.0,45.0,,2021-03-05,,425378.0,3.0,38575.0,468.0
59,Guadeloupe,GLP,,REPORTING,2023-12-29,400424.0,152189.0,100.0,38.0,146147.0,37.0,,,,89052.0,22.0,203235.0,1021.0
60,Gambia,GMB,AFRO,REPORTING,2023-12-31,1444492.0,674314.0,60.0,28.0,539186.0,22.0,,2021-03-10,,53741.0,2.0,12627.0,372.0
61,Guinea-Bissau,GNB,AFRO,REPORTING,2023-12-31,920752.0,747057.0,47.0,38.0,547637.0,28.0,,2021-04-02,,76359.0,4.0,9614.0,177.0
62,Equatorial Guinea,GNQ,AFRO,REPORTING,2023-12-31,488738.0,270109.0,35.0,19.0,214032.0,15.0,,2021-02-12,,4597.0,,17130.0,183.0
63,Greece,GRC,EURO,REPORTING,2023-12-23,22155251.0,7917288.0,207.0,74.0,7745574.0,72.0,,2020-12-23,,6071723.0,57.0,5705992.0,39497.0
64,Grenada,GRD,AMRO,REPORTING,2023-12-29,90686.0,44241.0,81.0,39.0,39034.0,35.0,,2021-02-15,,7411.0,7.0,19693.0,238.0
65,Guatemala,GTM,AMRO,REPORTING,2023-12-29,20383475.0,8937923.0,114.0,50.0,7130895.0,40.0,,2021-02-25,,3723845.0,21.0,1250390.0,20203.0
66,French Guiana,GUF,,REPORTING,2023-12-29,242386.0,100359.0,81.0,34.0,90493.0,30.0,,,,46361.0,16.0,98041.0,413.0
67,Guyana,GUY,AMRO,REPORTING,2023-12-29,967861.0,497550.0,123.0,63.0,384507.0,49.0,,2021-02-11,,80224.0,10.0,74486.0,1302.0
68,Honduras,HND,AMRO,REPORTING,2023-12-29,17074861.0,6596213.0,172.0,67.0,5853689.0,59.0,,2021-02-22,,4803544.0,48.0,472909.0,11114.0
69,Croatia,HRV,EURO,REPORTING,2023-12-23,5435966.0,2321669.0,134.0,57.0,2246622.0,55.0,,2020-12-23,,996098.0,25.0,1337770.0,18765.0
70,Haiti,HTI,AMRO,REPORTING,2023-12-29,680104.0,521396.0,6.0,5.0,366339.0,3.0,,,,,,34515.0,860.0
71,Hungary,HUN,EURO,REPORTING,2023-12-23,16578284.0,6358657.0,170.0,65.0,6152022.0,63.0,,2020-12-23,,3876420.0,40.0,2232924.0,49068.0
72,Ireland,IRL,EURO,REPORTING,2023-12-23,13122238.0,4245977.0,264.0,86.0,4063819.0,82.0,,2020-12-30,,3787948.0,76.0,1748736.0,9852.0
73,Iceland,ISL,EURO,REPORTING,2023-12-23,903424.0,307412.0,248.0,84.0,297934.0,82.0,,2020-12-30,,287652.0,79.0,210591.0,186.0
74,Israel,ISR,EURO,REPORTING,2023-12-23,18852564.0,7055466.0,218.0,82.0,6385731.0,74.0,,2020-12-16,,4474108.0,52.0,4841558.0,12707.0
75,Italy,ITA,EURO,REPORTING,2023-12-23,150321543.0,50583975.0,252.0,85.0,49484586.0,83.0,,2020-12-23,,44917315.0,75.0,26826486.0,197542.0
76,Jamaica,JAM,AMRO,REPORTING,2023-12-29,1529113.0,722248.0,52.0,24.0,760800.0,26.0,,2021-03-10,,46065.0,2.0,157295.0,3615.0
77,Japan,JPN,WPRO,REPORTING,2023-12-31,433356604.0,104740066.0,343.0,83.0,103455221.0,82.0,,2021-02-17,,86666847.0,69.0,33803572.0,74694.0
78,Kazakhstan,KAZ,EURO,REPORTING,2023-12-23,38355605.0,12443364.0,204.0,66.0,13070774.0,70.0,,2021-04-07,,6801526.0,36.0,1504370.0,19072.0
79,Kenya,KEN,AFRO,REPORTING,2023-12-31,23750431.0,14494372.0,44.0,27.0,11090440.0,21.0,,2021-03-05,,2000636.0,4.0,344109.0,5689.0
80,Kyrgyzstan,KGZ,EURO,REPORTING,2023-12-23,3167393.0,1528725.0,49.0,23.0,1337850.0,21.0,,2021-03-31,,300818.0,5.0,88953.0,1024.0
81,Cambodia,KHM,WPRO,REPORTING,2023-12-31,47826645.0,15316670.0,286.0,92.0,14693274.0,88.0,,2021-02-10,,10782710.0,64.0,139324.0,3056.0
82,Saint Kitts and Nevis,KNA,AMRO,REPORTING,2023-12-29,64297.0,33794.0,121.0,64.0,27000.0,51.0,,2021-02-22,,3465.0,7.0,6607.0,46.0
83,Kuwait,KWT,EMRO,REPORTING,2023-12-03,8261221.0,3457498.0,193.0,81.0,3346176.0,78.0,,2020-12-28,,1457547.0,34.0,667290.0,2570.0
84,Liberia,LBR,AFRO,REPORTING,2023-12-31,4460668.0,3903802.0,88.0,77.0,3730967.0,74.0,,2021-04-01,,1987.0,,8090.0,294.0
85,Libya,LBY,EMRO,REPORTING,2023-12-31,3653384.0,2316327.0,53.0,34.0,1236102.0,18.0,,2021-04-11,,186729.0,3.0,507269.0,6437.0
86,Saint Lucia,LCA,AMRO,REPORTING,2023-12-29,122977.0,60140.0,67.0,33.0,54971.0,30.0,,2021-02-17,,7866.0,4.0,30287.0,410.0
87,Lesotho,LSO,AFRO,REPORTING,2023-12-31,1339097.0,1014073.0,63.0,47.0,938088.0,44.0,,2021-03-10,,177816.0,8.0,36138.0,709.0
88,Lithuania,LTU,EURO,REPORTING,2023-12-23,4532649.0,1960786.0,162.0,70.0,1907061.0,68.0,,2020-12-23,,902103.0,32.0,1388526.0,9824.0
89,Luxembourg,LUX,EURO,REPORTING,2023-12-23,1337940.0,469285.0,214.0,75.0,462715.0,74.0,,2020-12-30,,368527.0,59.0,394694.0,1000.0
90,Latvia,LVA,EURO,REPORTING,2023-12-23,2979624.0,1344394.0,156.0,70.0,1304787.0,68.0,,2020-12-30,,550901.0,29.0,977765.0,7475.0
91,Morocco,MAR,EMRO,REPORTING,2023-12-31,55389602.0,25020168.0,150.0,68.0,23521989.0,64.0,,2021-01-28,,6925973.0,19.0,1279115.0,16305.0
92,Monaco,MCO,EURO,REPORTING,2023-12-23,71929.0,25123.0,183.0,64.0,25261.0,64.0,,2021-06-30,,17747.0,45.0,17181.0,67.0
93,Republic of Moldova,MDA,EURO,REPORTING,2023-12-23,2293086.0,1109524.0,57.0,28.0,1078961.0,27.0,,2021-03-03,,406022.0,10.0,649505.0,12274.0
94,Madagascar,MDG,AFRO,REPORTING,2023-12-31,3092063.0,2710365.0,11.0,10.0,2628849.0,9.0,,2021-05-10,,169187.0,1.0,68572.0,1428.0
95,Mexico,MEX,AMRO,REPORTING,2023-12-29,222226293.0,96727823.0,172.0,75.0,81346379.0,63.0,,2020-12-24,,57014052.0,44.0,7622076.0,334724.0
96,North Macedonia,MKD,EURO,REPORTING,2023-12-23,1862987.0,854570.0,89.0,41.0,838181.0,40.0,,2021-02-17,,161633.0,8.0,351819.0,9981.0
97,Mali,MLI,AFRO,REPORTING,2023-12-31,5922585.0,4354292.0,29.0,22.0,3633589.0,18.0,,2021-03-31,,,,33166.0,743.0
98,Malta,MLT,EURO,REPORTING,2023-12-23,1282437.0,450535.0,249.0,88.0,444904.0,86.0,,2020-12-23,,354901.0,69.0,123063.0,923.0
99,Montenegro,MNE,EURO,REPORTING,2023-12-23,526975.0,272152.0,84.0,43.0,254365.0,40.0,,2021-02-24,,,,251280.0,2654.0
100,Mozambique,MOZ,AFRO,REPORTING,2023-12-31,34950858.0,22869646.0,112.0,73.0,21329745.0,68.0,,2021-03-08,,2323562.0,7.0,233843.0,2252.0
101,Mauritania,MRT,AFRO,REPORTING,2023-12-31,4075874.0,2103754.0,88.0,45.0,1540597.0,33.0,,2021-03-26,,383937.0,8.0,63875.0,997.0
102,Montserrat,MSR,AMRO,REPORTING,2023-12-29,4619.0,2104.0,92.0,42.0,1952.0,39.0,,2021-02-08,,563.0,11.0,1403.0,8.0
103,Mauritius,MUS,AFRO,REPORTING,2023-12-31,2616012.0,1123773.0,206.0,88.0,1088142.0,86.0,,2021-01-26,,654507.0,51.0,328744.0,1074.0
104,Malawi,MWI,AFRO,REPORTING,2023-12-31,8503954.0,5433538.0,44.0,28.0,4288014.0,22.0,,2021-03-11,,1232829.0,6.0,89168.0,2686.0
105,Malaysia,MYS,WPRO,REPORTING,2023-12-31,72647279.0,28137593.0,224.0,87.0,27550612.0,85.0,,2021-02-24,,16347670.0,51.0,5314299.0,37351.0
106,Namibia,NAM,AFRO,REPORTING,2023-12-31,1005937.0,629767.0,40.0,25.0,550978.0,22.0,,2021-03-19,,298560.0,12.0,172556.0,4110.0
107,Niger,NER,AFRO,REPORTING,2023-12-31,7372208.0,6248483.0,30.0,26.0,5483001.0,23.0,,2021-03-29,,,,9525.0,315.0
108,Nigeria,NGA,AFRO,REPORTING,2023-12-31,133048021.0,93829435.0,65.0,46.0,81297808.0,39.0,,2021-03-05,,16826715.0,8.0,267189.0,3155.0
109,Nicaragua,NIC,AMRO,REPORTING,2023-12-29,15507763.0,6404524.0,234.0,97.0,6126708.0,92.0,,2021-03-03,,2892531.0,44.0,16193.0,245.0
110,Norway,NOR,EURO,REPORTING,2023-12-23,13020641.0,4346149.0,243.0,81.0,4061312.0,76.0,,2020-12-23,,3705726.0,69.0,1519746.0,5732.0
111,Panama,PAN,AMRO,REPORTING,2023-12-29,9201276.0,3746041.0,213.0,87.0,3178700.0,74.0,,2021-01-20,,1770843.0,41.0,1044914.0,8754.0
112,Peru,PER,AMRO,REPORTING,2023-12-29,91328338.0,30542485.0,277.0,93.0,28709882.0,87.0,,2021-02-09,,22245062.0,67.0,4526977.0,220975.0
113,Papua New Guinea,PNG,WPRO,REPORTING,2023-12-04,543670.0,399198.0,6.0,4.0,338004.0,4.0,,2021-03-30,,37525.0,,46864.0,670.0
114,Poland,POL,EURO,REPORTING,2023-12-23,58634593.0,22984543.0,154.0,61.0,22705868.0,60.0,,2020-12-23,,12928562.0,34.0,6727722.0,120816.0
115,Puerto Rico,PRI,AMRO,REPORTING,2023-12-29,7846764.0,3136418.0,274.0,100.0,2688410.0,94.0,,,,1808780.0,63.0,1252713.0,5938.0
116,Portugal,PRT,EURO,REPORTING,2023-12-23,27360186.0,9822021.0,266.0,95.0,8910340.0,87.0,,2020-12-23,,7052055.0,68.0,5668055.0,28977.0
117,Paraguay,PRY,AMRO,REPORTING,2023-12-29,9954852.0,3995915.0,140.0,56.0,3550673.0,50.0,,2021-02-22,,1660766.0,23.0,735759.0,19880.0
118,Romania,ROU,EURO,REPORTING,2023-12-23,16112261.0,8188137.0,83.0,42.0,8142363.0,42.0,,2021-01-27,,1770001.0,9.0,3565107.0,68899.0
119,Russian Federation,RUS,EURO,REPORTING,2023-12-23,187374508.0,89081596.0,128.0,61.0,79702396.0,55.0,,,,,,24424123.0,403352.0
120,Rwanda,RWA,AFRO,REPORTING,2023-12-31,27322059.0,10884714.0,211.0,84.0,10399665.0,80.0,,2021-03-05,,5879013.0,45.0,133266.0,1468.0
121,Sudan,SDN,EMRO,REPORTING,2023-12-31,28662107.0,15207452.0,65.0,35.0,13416394.0,31.0,,2021-03-09,,38261.0,,63993.0,5046.0
122,Senegal,SEN,AFRO,REPORTING,2023-12-31,3182308.0,2684696.0,19.0,16.0,1548665.0,9.0,,2021-02-23,,724754.0,4.0,89311.0,1972.0
123,Sierra Leone,SLE,AFRO,REPORTING,2023-12-31,9155936.0,5676123.0,115.0,71.0,4961886.0,62.0,,2021-03-15,,1201709.0,15.0,7982.0,126.0
124,El Salvador,SLV,AMRO,REPORTING,2023-12-29,11459448.0,4659970.0,177.0,72.0,4397817.0,68.0,,2021-02-17,,1908547.0,29.0,201950.0,4230.0
125,San Marino,SMR,EURO,REPORTING,2023-12-23,69338.0,26357.0,204.0,78.0,23633.0,70.0,,2021-02-24,,19348.0,57.0,25292.0,126.0
126,Somalia,SOM,EMRO,REPORTING,2023-12-31,8784760.0,8972167.0,55.0,56.0,7666835.0,48.0,,2021-03-16,,,,27334.0,1361.0
127,Serbia,SRB,EURO,REPORTING,2023-12-23,6722671.0,3398116.0,97.0,49.0,3324555.0,48.0,,2020-12-23,,,,2583470.0,18057.0
128,South Sudan,SSD,AFRO,REPORTING,2023-12-31,4365547.0,4315127.0,39.0,39.0,4273253.0,38.0,,2021-04-06,,513122.0,5.0,18830.0,147.0
129,Sao Tome and Principe,STP,AFRO,REPORTING,2023-12-31,263863.0,140256.0,120.0,64.0,111986.0,51.0,,2021-03-15,,34624.0,16.0,6771.0,80.0
130,Suriname,SUR,AMRO,REPORTING,2023-12-29,554588.0,267820.0,95.0,46.0,237879.0,41.0,,2021-02-23,,48889.0,8.0,82503.0,1406.0
131,Slovakia,SVK,EURO,REPORTING,2023-12-23,7222380.0,2840017.0,132.0,52.0,2791711.0,51.0,,2020-12-23,,1686458.0,31.0,1879882.0,21231.0
132,Slovenia,SVN,EURO,REPORTING,2023-12-23,3028400.0,1252307.0,144.0,60.0,1187384.0,57.0,,2020-12-23,,681485.0,33.0,1358356.0,9710.0
133,Sweden,SWE,EURO,REPORTING,2023-12-23,23237123.0,7563941.0,225.0,73.0,7403549.0,72.0,,2020-12-23,,5542831.0,54.0,2761334.0,27734.0
134,Eswatini,SWZ,AFRO,REPORTING,2023-12-31,870205.0,526050.0,75.0,45.0,427335.0,37.0,,2021-03-19,,179450.0,15.0,75356.0,1427.0
135,Seychelles,SYC,AFRO,REPORTING,2023-12-31,224558.0,88520.0,228.0,90.0,83565.0,85.0,,2021-01-10,,44936.0,46.0,51891.0,172.0
136,Turks and Caicos Islands,TCA,AMRO,REPORTING,2023-12-29,73907.0,32815.0,191.0,85.0,30710.0,79.0,,2021-01-11,,7443.0,19.0,6805.0,40.0
137,Chad,TCD,AFRO,REPORTING,2023-12-31,9151765.0,5147667.0,56.0,31.0,5020360.0,31.0,,2021-06-04,,4042573.0,25.0,7702.0,194.0
138,Togo,TGO,AFRO,REPORTING,2023-12-31,3423181.0,2255579.0,41.0,27.0,1554066.0,19.0,,2021-03-10,,427804.0,5.0,39531.0,290.0
139,Tajikistan,TJK,EURO,REPORTING,2023-12-23,20568163.0,5328277.0,216.0,56.0,5191919.0,54.0,,2021-03-24,,5322496.0,56.0,17786.0,125.0
140,Turkmenistan,TKM,EURO,REPORTING,2023-12-23,16775970.0,4614869.0,278.0,77.0,4568901.0,76.0,,2021-02-24,,3816400.0,63.0,0.0,0.0
141,Trinidad and Tobago,TTO,AMRO,REPORTING,2023-12-29,1592148.0,754399.0,114.0,54.0,718969.0,51.0,,2021-02-17,,174836.0,12.0,191496.0,4390.0
142,Tunisia,TUN,EMRO,REPORTING,2023-12-31,16553338.0,8896848.0,140.0,75.0,6401705.0,54.0,,2021-03-13,,1258577.0,11.0,1153361.0,29423.0
143,United Republic of Tanzania,TZA,AFRO,REPORTING,2023-12-31,39392419.0,34434933.0,66.0,58.0,32165791.0,54.0,,2021-07-28,,,,43244.0,846.0
144,Uganda,UGA,AFRO,REPORTING,2023-12-31,26406936.0,20033189.0,58.0,44.0,13061126.0,29.0,,2021-03-10,,764664.0,2.0,172159.0,3632.0
145,Ukraine,UKR,EURO,REPORTING,2023-12-23,35735488.0,16267198.0,82.0,37.0,15741036.0,36.0,,2021-02-24,,3294979.0,8.0,5540420.0,109923.0
146,Uruguay,URY,AMRO,REPORTING,2023-12-29,9037498.0,3010464.0,260.0,87.0,2903186.0,84.0,,2021-02-27,,2080961.0,60.0,1041472.0,7682.0
147,United States of America,USA,AMRO,REPORTING,2023-12-29,711813790.0,270227181.0,215.0,82.0,230637348.0,70.0,,2020-12-14,,118438297.0,36.0,103436829.0,1201488.0
148,Uzbekistan,UZB,EURO,REPORTING,2023-12-23,83937954.0,22094470.0,251.0,66.0,18451781.0,55.0,,2021-04-28,,16413048.0,49.0,175081.0,1016.0
149,Saint Vincent and the Grenadines,VCT,AMRO,REPORTING,2023-12-29,73443.0,37532.0,66.0,34.0,31632.0,29.0,,2021-02-01,,4279.0,4.0,9674.0,124.0
150,Venezuela (Bolivarian Republic of),VEN,AMRO,REPORTING,2023-12-29,37860994.0,22157232.0,133.0,78.0,14287370.0,50.0,,2021-02-22,,651502.0,2.0,552695.0,5856.0
151,British Virgin Islands,VGB,AMRO,REPORTING,2023-12-29,41453.0,19466.0,137.0,64.0,18261.0,60.0,,2021-02-11,,3726.0,12.0,7628.0,64.0
152,Yemen,YEM,EMRO,REPORTING,2023-12-10,1298654.0,1050202.0,4.0,4.0,807057.0,3.0,,2021-04-20,,68925.0,,11945.0,2159.0
153,South Africa,ZAF,AFRO,REPORTING,2023-12-31,41798812.0,24210953.0,70.0,41.0,21038797.0,35.0,,2021-02-17,,4410601.0,7.0,4072806.0,102595.0
154,Zambia,ZMB,AFRO,REPORTING,2023-12-31,13615707.0,11711565.0,74.0,64.0,9155551.0,50.0,,2021-04-14,,1414619.0,8.0,349880.0,4078.0
155,Zimbabwe,ZWE,AFRO,REPORTING,2023-12-31,13935112.0,7525882.0,94.0,51.0,5662119.0,38.0,,2021-02-18,,2299968.0,15.0,266393.0,5740.0
156,United Arab Emirates,ARE,EMRO,REPORTING,2022-07-06,24922054.0,9991089.0,252.0,100.0,9792266.0,99.0,,,,5138699.0,52.0,1067030.0,2349.0
157,Bangladesh,BGD,SEARO,REPORTING,2023-10-18,362229859.0,151504394.0,220.0,92.0,142193276.0,86.0,,2021-01-27,,68532189.0,42.0,2051417.0,29499.0
158,Bahrain,BHR,EMRO,REPORTING,2022-12-21,3476633.0,1241174.0,204.0,73.0,1226796.0,72.0,,2020-11-04,,1008663.0,59.0,696614.0,1536.0
159,Brunei Darussalam,BRN,WPRO,REPORTING,2023-06-30,1293100.0,451149.0,296.0,100.0,446714.0,100.0,,2021-04-03,,340466.0,78.0,348737.0,181.0
160,Bhutan,BTN,SEARO,REPORTING,2022-10-30,2011426.0,699116.0,261.0,91.0,677669.0,88.0,,2021-03-27,,634641.0,82.0,62697.0,21.0
161,China,CHN,WPRO,REPORTING,2023-04-20,3516880717.0,1318026807.0,239.0,90.0,1284479582.0,87.0,,2020-07-22,,834060133.0,57.0,99380363.0,122358.0
162,Cook Islands,COK,WPRO,REPORTING,2023-01-31,40080.0,15112.0,228.0,86.0,14728.0,84.0,,2021-05-17,,10240.0,58.0,7375.0,2.0
163,Fiji,FJI,WPRO,REPORTING,2023-06-29,1555182.0,712025.0,173.0,79.0,641194.0,72.0,,2021-03-07,,172078.0,19.0,69047.0,885.0
164,Gibraltar,GIB,,REPORTING,,,,,,,,,,,,,20550.0,113.0
165,Greenland,GRL,EURO,REPORTING,,,,,,,,,,,,,11971.0,21.0
166,Indonesia,IDN,SEARO,REPORTING,2023-11-23,448199860.0,204419394.0,164.0,75.0,174965137.0,64.0,,2021-01-13,,69356250.0,25.0,6829576.0,162059.0
167,India,IND,SEARO,REPORTING,2023-11-23,2208365081.0,1027419851.0,160.0,74.0,952128795.0,69.0,,2021-01-16,,228816435.0,17.0,45043415.0,533641.0
168,Iran (Islamic Republic of),IRN,EMRO,REPORTING,2023-11-26,155461757.0,65199831.0,185.0,78.0,58585264.0,70.0,,2021-02-09,,31352288.0,37.0,7627863.0,146837.0
169,Iraq,IRQ,EMRO,REPORTING,2023-01-02,19557364.0,11332925.0,49.0,28.0,7944775.0,20.0,,2021-03-02,,275280.0,1.0,2465545.0,25375.0
170,Jordan,JOR,EMRO,REPORTING,2022-08-21,10057975.0,4821579.0,99.0,47.0,4558313.0,45.0,,2021-01-13,,682211.0,7.0,1746997.0,14122.0
171,Kiribati,KIR,WPRO,REPORTING,2023-02-06,219980.0,100900.0,184.0,84.0,81474.0,68.0,,2021-05-26,,37606.0,31.0,5085.0,24.0
172,Republic of Korea,KOR,WPRO,REPORTING,2023-09-04,135927574.0,45119824.0,265.0,88.0,44689199.0,87.0,,2021-02-26,,33644119.0,66.0,34571873.0,35934.0
173,Lao People's Democratic Republic,LAO,WPRO,REPORTING,2023-05-21,13879410.0,6324678.0,191.0,87.0,5691962.0,78.0,,2020-11-25,,2451034.0,34.0,219060.0,671.0
174,Lebanon,LBN,EMRO,REPORTING,2022-12-22,5814699.0,2740227.0,85.0,40.0,2414223.0,35.0,,2021-02-14,,660249.0,10.0,1239904.0,10947.0
175,Liechtenstein,LIE,,REPORTING,,71104.0,26681.0,,,26346.0,,,,,18310.0,,21594.0,89.0
176,Sri Lanka,LKA,SEARO,REPORTING,2022-10-30,40116590.0,17143761.0,187.0,80.0,14752827.0,69.0,,2021-01-29,,8220002.0,38.0,672802.0,16907.0
177,Maldives,MDV,SEARO,REPORTING,2023-05-25,951764.0,399308.0,176.0,74.0,385167.0,71.0,,2021-02-01,,167289.0,31.0,186694.0,316.0
178,Myanmar,MMR,SEARO,REPORTING,2023-08-21,93477104.0,41551927.0,172.0,76.0,35937796.0,66.0,,2021-01-27,,15987381.0,29.0,643133.0,19494.0
179,Mongolia,MNG,WPRO,REPORTING,2023-03-17,5668144.0,2284018.0,173.0,70.0,2185282.0,67.0,,2021-02-23,,1058839.0,32.0,1011489.0,2136.0
180,New Caledonia,NCL,WPRO,REPORTING,2023-04-03,480497.0,192371.0,168.0,67.0,184801.0,65.0,,2021-01-20,,103325.0,36.0,80203.0,314.0
181,Niue,NIU,WPRO,REPORTING,2023-03-04,4923.0,1638.0,304.0,100.0,1635.0,100.0,,2021-06-08,,1225.0,76.0,1087.0,0.0
182,Nepal,NPL,SEARO,REPORTING,2023-11-23,62627629.0,27883196.0,215.0,96.0,24471043.0,84.0,,2021-01-27,,10273390.0,35.0,1003450.0,12031.0
183,Nauru,NRU,WPRO,REPORTING,2023-02-20,32157.0,13106.0,297.0,100.0,11346.0,100.0,,2021-04-09,,7705.0,71.0,5393.0,1.0
184,New Zealand,NZL,WPRO,REPORTING,2023-04-21,12252378.0,4259911.0,254.0,88.0,4096278.0,85.0,,2021-02-19,,2719283.0,56.0,2647737.0,4424.0
185,Oman,OMN,EMRO,REPORTING,2022-10-25,7108547.0,3279632.0,139.0,64.0,3048826.0,60.0,,2020-12-29,,779859.0,15.0,399449.0,4628.0
186,Pakistan,PAK,EMRO,REPORTING,2023-11-14,340974144.0,165567890.0,154.0,75.0,140475871.0,64.0,,2021-02-03,,53152375.0,24.0,1580631.0,30656.0
187,Philippines,PHL,WPRO,REPORTING,2023-03-19,189317158.0,82684774.0,173.0,75.0,78443972.0,72.0,,2021-03-01,,23811248.0,22.0,4173631.0,66864.0
188,Palau,PLW,WPRO,REPORTING,2023-03-10,51032.0,20295.0,282.0,100.0,18278.0,100.0,,2021-01-03,,12885.0,71.0,6372.0,10.0
189,French Polynesia,PYF,WPRO,REPORTING,2023-07-17,493692.0,195688.0,176.0,70.0,195688.0,70.0,,2021-01-18,,102317.0,36.0,79448.0,650.0
190,Qatar,QAT,EMRO,REPORTING,2023-05-07,7609178.0,2852178.0,264.0,99.0,2852178.0,99.0,,,,1904822.0,66.0,514524.0,690.0
191,Saudi Arabia,SAU,EMRO,REPORTING,2023-04-25,68534631.0,27041364.0,197.0,78.0,25433941.0,73.0,,2021-01-06,,16059326.0,46.0,841469.0,9646.0
192,Singapore,SGP,WPRO,REPORTING,2023-08-29,15302530.0,5287005.0,262.0,90.0,5248693.0,90.0,,2020-12-30,,4769158.0,82.0,3006155.0,2024.0
193,Saint Helena,SHN,,REPORTING,,,,,,,,,,,,,2166.0,0.0
194,Solomon Islands,SLB,WPRO,REPORTING,2023-07-04,612700.0,335796.0,89.0,49.0,254016.0,37.0,,2021-03-23,,27896.0,4.0,25954.0,199.0
195,Syrian Arab Republic,SYR,EMRO,REPORTING,2023-04-18,5090630.0,3295630.0,29.0,19.0,2358365.0,13.0,,2021-04-01,,75881.0,,57423.0,3163.0
196,Thailand,THA,SEARO,REPORTING,2023-09-01,142635014.0,57666184.0,204.0,83.0,54196116.0,78.0,,2021-02-28,,32143431.0,46.0,4801815.0,34725.0
197,Tokelau,TKL,WPRO,REPORTING,2022-12-05,6342.0,2203.0,470.0,100.0,2203.0,100.0,,2021-07-20,,968.0,72.0,80.0,0.0
198,Timor-Leste,TLS,SEARO,REPORTING,2023-11-22,2028798.0,886838.0,154.0,67.0,801759.0,61.0,,2021-04-07,,340201.0,26.0,23460.0,138.0
199,Tonga,TON,WPRO,REPORTING,2023-06-30,204737.0,87375.0,194.0,83.0,77390.0,73.0,,2021-04-14,,38588.0,37.0,16992.0,13.0
200,Tuvalu,TUV,WPRO,REPORTING,2023-02-01,26783.0,9763.0,227.0,83.0,9505.0,81.0,,2021-04-13,,5745.0,49.0,2943.0,1.0
201,Viet Nam,VNM,WPRO,REPORTING,2023-06-30,266492149.0,90497674.0,274.0,93.0,85961564.0,88.0,,2021-03-08,,57975220.0,60.0,11624000.0,43206.0
202,Vanuatu,VUT,WPRO,REPORTING,2023-02-20,355430.0,176624.0,116.0,58.0,162250.0,53.0,,2021-06-02,,16556.0,5.0,12019.0,14.0
203,Samoa,WSM,WPRO,REPORTING,2023-02-24,453130.0,191403.0,228.0,96.0,177954.0,90.0,,2021-04-18,,82268.0,41.0,17057.0,31.0
